{"entities":{"pages":{"README":{"id":"README","title":"VERSION CONTROL","url":"readme.html","level":0,"pages":["Introduction","Getting-Started","Collaborating-workflows-syncing","Advanced-Git-Operations"],"tabIndex":0},"Introduction":{"id":"Introduction","title":"Introduction","url":"introduction.html","level":1,"parentId":"README","tabIndex":0},"Getting-Started":{"id":"Getting-Started","title":"Getting Started","url":"getting-started.html","level":1,"parentId":"README","tabIndex":1},"Collaborating-workflows-syncing":{"id":"Collaborating-workflows-syncing","title":"Collaborating workflows (syncing)","url":"collaborating-workflows-syncing.html","level":1,"parentId":"README","tabIndex":2},"Advanced-Git-Operations":{"id":"Advanced-Git-Operations","title":"Advanced Git Operations","url":"advanced-git-operations.html","level":1,"parentId":"README","tabIndex":3}}},"topLevelIds":["README"]}